City_ID,City,Country,Date,Lat,Lng,Max Temp,Humidity,Cloudiness,Wind Speed
0,Kenai,US,2022-05-08 16:27:07,60.5544,-151.2583,45.09,71,0,12.66
1,Codrington,AU,2022-05-08 16:27:07,-38.2667,141.9667,46.15,86,23,5.19
2,Sao Joao Da Barra,BR,2022-05-08 16:27:08,-21.6403,-41.0511,80.69,65,36,11.63
3,Busselton,AU,2022-05-08 16:27:08,-33.65,115.3333,58.6,84,3,4.63
4,Ganzhou,CN,2022-05-08 16:27:09,28.8184,115.4327,69.3,95,100,2.21
5,Cape Town,ZA,2022-05-08 16:27:10,-33.9258,18.4232,64.27,70,0,5.75
6,Punta Arenas,CL,2022-05-08 16:27:10,-53.15,-70.9167,44.71,61,40,36.82
7,Moron,AR,2022-05-08 16:20:39,-34.6534,-58.6198,73.94,55,8,8.12
8,Rikitea,PF,2022-05-08 16:27:11,-23.1203,-134.9692,76.51,80,42,21.25
9,Kadyy,RU,2022-05-08 16:27:11,57.787,43.1903,55.69,62,100,12.03
10,Thompson,CA,2022-05-08 16:27:12,55.7435,-97.8558,46.56,87,100,13.8
11,Ambon,ID,2022-05-08 16:27:13,-3.6954,128.1814,78.94,94,40,2.3
12,Airai,TL,2022-05-08 16:27:13,-8.9266,125.4092,60.01,90,52,4.03
13,Bluff,NZ,2022-05-08 16:27:14,-46.6,168.3333,48.79,90,62,3.2
14,Bambous Virieux,MU,2022-05-08 16:27:14,-20.3428,57.7575,75.45,83,40,5.75
15,Lorengau,PG,2022-05-08 16:27:15,-2.0226,147.2712,83.37,74,92,13.62
16,Khatanga,RU,2022-05-08 16:27:15,71.9667,102.5,7.7,96,19,9.64
17,Vaini,TO,2022-05-08 16:27:16,-21.2,-175.2,73.56,88,20,5.75
18,Tahta,EG,2022-05-08 16:27:16,26.7693,31.5021,96.67,10,96,8.01
19,Tuktoyaktuk,CA,2022-05-08 16:27:17,69.4541,-133.0374,33.8,80,75,13.8
20,Ancud,CL,2022-05-08 16:18:22,-41.8697,-73.8203,54.0,79,39,3.09
21,Great Bend,US,2022-05-08 16:26:35,38.3645,-98.7648,72.03,81,100,9.22
22,Lebu,CL,2022-05-08 16:27:17,-37.6167,-73.65,57.22,92,99,7.81
23,Mataura,NZ,2022-05-08 16:27:18,-46.1927,168.8643,48.47,98,92,0.98
24,Olafsvik,IS,2022-05-08 16:27:19,64.8945,-23.7142,45.27,89,100,13.11
25,Port Alfred,ZA,2022-05-08 16:27:19,-33.5906,26.891,59.18,90,93,3.0
26,Barrow,US,2022-05-08 16:23:11,71.2906,-156.7887,19.42,86,100,10.36
27,Tigil,RU,2022-05-08 16:27:20,57.8,158.6667,33.15,99,100,5.1
28,Calama,CL,2022-05-08 16:27:20,-22.4667,-68.9333,61.29,11,0,18.41
29,Dikson,RU,2022-05-08 16:27:21,73.5069,80.5464,20.21,94,99,27.83
30,Ushuaia,AR,2022-05-08 16:27:21,-54.8,-68.3,40.66,81,40,35.68
31,Hilo,US,2022-05-08 16:24:17,19.7297,-155.09,78.28,94,100,6.91
32,Mount Gambier,AU,2022-05-08 16:27:22,-37.8333,140.7667,40.91,100,100,0.0
33,Oussouye,SN,2022-05-08 16:27:22,12.485,-16.5469,102.38,39,8,13.33
34,Hasaki,JP,2022-05-08 16:27:23,35.7333,140.8333,61.2,47,100,12.19
35,Albany,US,2022-05-08 16:23:50,42.6001,-73.9662,60.46,32,56,3.0
36,Cururupu,BR,2022-05-08 16:27:24,-1.8283,-44.8683,78.21,94,98,2.42
37,Kenora,CA,2022-05-08 16:15:21,49.8167,-94.4337,49.17,100,100,13.0
38,Tasiilaq,GL,2022-05-08 16:27:25,65.6145,-37.6368,35.76,68,100,6.69
39,Ponta Do Sol,PT,2022-05-08 16:27:25,32.6667,-17.1,74.71,69,8,4.14
40,Qaanaaq,GL,2022-05-08 16:27:26,77.484,-69.3632,25.43,60,100,1.77
41,Ayan,RU,2022-05-08 16:27:26,56.45,138.1667,30.92,95,66,5.88
42,Los Llanos De Aridane,ES,2022-05-08 16:27:27,28.6585,-17.9182,65.95,73,75,16.11
43,Kulhudhuffushi,MV,2022-05-08 16:27:27,6.6221,73.07,85.1,75,98,17.0
44,Ostrovnoy,RU,2022-05-08 16:20:37,68.0531,39.5131,33.22,75,43,15.12
45,Sept-Iles,CA,2022-05-08 16:25:02,50.2001,-66.3821,48.72,59,20,11.5
46,Progreso,MX,2022-05-08 16:28:28,21.2833,-89.6667,93.31,53,0,7.11
47,Fairbanks,US,2022-05-08 16:19:49,64.8378,-147.7164,38.08,78,75,6.91
48,Cuenca,EC,2022-05-08 16:25:03,-2.8833,-78.9833,60.93,82,100,2.3
49,Souillac,MU,2022-05-08 16:28:29,-20.5167,57.5167,75.58,83,40,5.75
50,Xunchang,CN,2022-05-08 16:28:29,28.4543,104.715,74.17,79,99,1.74
51,Oksfjord,NO,2022-05-08 16:24:52,70.2396,22.3479,36.0,90,100,9.44
52,Mongoumba,CF,2022-05-08 16:28:30,3.6415,18.5936,91.72,43,70,3.83
53,Mawlaik,MM,2022-05-08 16:28:30,23.6333,94.4167,76.46,90,65,1.95
54,Baruun-Urt,MN,2022-05-08 16:28:31,46.6806,113.2792,50.05,21,10,9.48
55,Teya,RU,2022-05-08 16:28:31,60.3778,92.6267,21.49,92,100,4.74
56,Nabire,ID,2022-05-08 16:28:32,-3.3667,135.4833,77.65,92,86,2.95
57,Chokurdakh,RU,2022-05-08 16:24:20,70.6333,147.9167,8.04,92,99,6.53
58,Hithadhoo,MV,2022-05-08 16:28:33,-0.6,73.0833,84.58,77,82,19.84
59,Kapaa,US,2022-05-08 16:28:33,22.0752,-159.319,73.72,89,75,13.8
60,Quesnel,CA,2022-05-08 16:26:10,52.9999,-122.5029,41.5,56,75,2.3
61,Ascension,US,2022-05-08 16:28:34,30.2169,-90.9001,86.09,71,0,4.61
62,Hobart,AU,2022-05-08 16:26:50,-42.8794,147.3294,43.05,87,21,6.91
63,Tigzirt,DZ,2022-05-08 16:28:35,36.8886,4.1198,67.12,53,7,4.52
64,Poum,NC,2022-05-08 16:28:35,-20.2333,164.0167,76.6,61,99,14.52
65,Georgetown,MY,2022-05-08 16:28:36,5.4112,100.3354,83.95,92,20,4.61
66,Hambantota,LK,2022-05-08 16:28:36,6.1241,81.1185,82.81,82,100,19.6
67,Shorapani,GE,2022-05-08 16:28:36,42.0898,43.0866,49.03,99,100,3.13
68,Vila Franca Do Campo,PT,2022-05-08 16:28:37,37.7167,-25.4333,66.61,76,89,1.43
69,Shimoda,JP,2022-05-08 16:26:11,34.6667,138.95,57.11,86,76,9.17
70,Iquitos,PE,2022-05-08 16:28:37,-3.7481,-73.2472,82.44,78,75,3.44
71,Lavrentiya,RU,2022-05-08 16:23:24,65.5833,-171.0,28.81,98,100,1.01
72,Bontang,ID,2022-05-08 16:28:38,0.1333,117.5,79.84,87,99,5.73
73,Waipawa,NZ,2022-05-08 16:28:39,-41.4122,175.5153,58.23,78,99,13.06
74,Bataipora,BR,2022-05-08 16:28:39,-22.2953,-53.2711,78.67,42,0,4.97
75,Norman Wells,CA,2022-05-08 16:28:40,65.282,-126.8329,35.64,69,75,6.91
76,Guerrero Negro,MX,2022-05-08 16:19:30,27.9769,-114.0611,63.61,66,11,15.7
77,Port-Gentil,GA,2022-05-08 16:23:29,-0.7193,8.7815,85.96,74,75,12.66
78,Umba,RU,2022-05-08 16:28:40,66.6871,34.3429,37.96,68,84,8.39
79,Ternate,ID,2022-05-08 16:28:41,0.8,127.4,82.2,80,99,3.36
80,Bredasdorp,ZA,2022-05-08 16:28:41,-34.5322,20.0403,58.19,76,98,5.73
81,Cherskiy,RU,2022-05-08 16:20:45,68.75,161.3,7.47,97,95,2.51
82,Akhnur,IN,2022-05-08 16:28:42,32.8667,74.7333,84.52,31,2,8.77
83,Port Macquarie,AU,2022-05-08 16:20:04,-31.4333,152.9167,48.88,77,0,6.98
84,Victoria,HK,2022-05-08 16:14:46,22.2855,114.1577,77.38,79,100,8.99
85,Kidal,ML,2022-05-08 16:24:56,18.4411,1.4078,102.92,4,0,12.01
86,Gat,IL,2022-05-08 16:28:43,31.61,34.7642,72.39,44,0,10.63
87,Te Anau,NZ,2022-05-08 16:28:43,-45.4167,167.7167,48.04,92,59,0.65
88,Bergen,NO,2022-05-08 16:28:43,60.392,5.328,54.09,53,20,6.91
89,Jamestown,US,2022-05-08 16:27:13,42.097,-79.2353,61.02,27,0,13.8
90,Nikolskoye,RU,2022-05-08 16:28:44,59.7035,30.7861,47.71,75,52,8.32
91,Butaritari,KI,2022-05-08 16:29:45,3.0707,172.7902,81.14,82,29,16.6
92,Stephenville,US,2022-05-08 16:29:45,32.2207,-98.2023,89.82,51,0,12.66
93,Shama,CN,2022-05-08 16:29:46,33.6102,104.2852,48.9,93,100,0.65
94,New Norfolk,AU,2022-05-08 16:29:46,-42.7826,147.0587,42.71,76,26,2.3
95,Constitucion,CL,2022-05-08 16:29:46,-35.3333,-72.4167,59.22,73,79,4.47
96,Bethel,US,2022-05-08 16:29:47,41.3712,-73.414,58.17,51,0,16.11
97,Garowe,SO,2022-05-08 16:29:47,8.4054,48.4845,90.16,39,100,3.51
98,Pangai,TO,2022-05-08 16:29:48,-19.8,-174.35,78.51,71,96,12.06
99,Chapais,CA,2022-05-08 16:29:48,49.7834,-74.8492,53.38,48,14,2.98
100,Kaeo,NZ,2022-05-08 16:29:49,-35.1,173.7833,57.33,95,72,5.68
101,Ahipara,NZ,2022-05-08 16:29:49,-35.1667,173.1667,60.4,91,85,5.91
102,Faanui,PF,2022-05-08 16:29:50,-16.4833,-151.75,81.18,76,14,9.48
103,Aleksandrov Gay,RU,2022-05-08 16:29:50,50.147,48.5704,53.64,52,100,9.75
104,Ribeira Grande,PT,2022-05-08 16:29:51,38.5167,-28.7,66.6,68,20,12.66
105,Vidim,RU,2022-05-08 16:29:51,56.4088,103.1106,30.96,66,51,10.13
106,Kaitangata,NZ,2022-05-08 16:29:52,-46.2817,169.8464,53.02,96,100,0.74
107,Nara,JP,2022-05-08 16:29:52,34.6851,135.8049,56.5,38,88,3.42
108,Severo-Kurilsk,RU,2022-05-08 16:29:53,50.6789,156.125,38.28,96,100,19.1
109,Lagoa,PT,2022-05-08 16:29:53,39.05,-27.9833,61.5,68,91,8.12
110,Anadyr,RU,2022-05-08 16:20:49,64.75,177.4833,32.5,100,100,8.95
111,Sao Filipe,CV,2022-05-08 16:29:54,14.8961,-24.4956,72.9,78,8,11.39
112,East London,ZA,2022-05-08 16:29:54,-33.0153,27.9116,61.74,82,0,8.05
113,Tallahassee,US,2022-05-08 16:27:34,30.4383,-84.2807,80.33,55,0,3.44
114,Arraial Do Cabo,BR,2022-05-08 16:29:55,-22.9661,-42.0278,76.96,73,75,9.22
115,Bathsheba,BB,2022-05-08 16:29:56,13.2167,-59.5167,86.61,70,20,16.11
116,Muros,ES,2022-05-08 16:29:56,42.7762,-9.0603,86.68,48,15,5.48
117,Eslov,SE,2022-05-08 16:29:57,55.8393,13.3039,60.03,39,81,1.03
118,Tabuk,PH,2022-05-08 16:29:57,17.4189,121.4443,76.12,82,13,5.26
119,Pevek,RU,2022-05-08 16:29:58,69.7008,170.3133,24.26,97,100,10.69
120,Avarua,CK,2022-05-08 16:28:43,-21.2078,-159.775,80.65,89,40,6.91
121,Ico,BR,2022-05-08 16:29:59,-6.4011,-38.8622,89.33,44,99,5.48
122,Beringovskiy,RU,2022-05-08 16:29:59,63.05,179.3167,25.03,92,79,10.13
123,Kruisfontein,ZA,2022-05-08 16:30:00,-34.0033,24.7314,58.89,64,26,4.09
124,Poli,TZ,2022-05-08 16:30:00,-3.3333,36.8,64.2,67,89,3.53
125,Saint George,US,2022-05-08 16:25:10,37.1041,-113.5841,73.26,13,0,6.91
126,Bonthe,SL,2022-05-08 16:30:01,7.5264,-12.505,80.08,77,100,3.33
127,Cap-Aux-Meules,CA,2022-05-08 16:30:02,47.3821,-61.8597,42.85,65,20,9.22
128,Alcochete,PT,2022-05-08 16:30:02,38.7553,-8.9609,85.93,35,0,12.66
129,Mount Isa,AU,2022-05-08 16:26:05,-20.7333,139.5,67.77,60,14,9.22
130,Matamoros,MX,2022-05-08 16:25:11,25.5333,-103.25,87.91,13,0,4.61
131,Santa Cruz Del Sur,CU,2022-05-08 16:30:03,20.7147,-77.9956,83.75,65,6,10.92
132,Charters Towers,AU,2022-05-08 16:30:04,-20.1,146.2667,66.81,98,100,12.75
133,Provideniya,RU,2022-05-08 16:30:05,64.3833,-173.3,31.01,98,100,5.57
134,Noumea,NC,2022-05-08 16:27:59,-22.2763,166.4572,75.0,99,98,10.98
135,Puerto Ayora,EC,2022-05-08 16:30:05,-0.7393,-90.3518,78.76,79,9,12.37
136,Mecca,SA,2022-05-08 16:30:06,21.4267,39.8261,86.81,33,0,7.61
137,Bajil,YE,2022-05-08 16:30:07,15.0584,43.2851,88.09,54,31,5.64
138,Coihaique,CL,2022-05-08 16:26:39,-45.5752,-72.0662,52.41,84,59,12.71
139,Kavieng,PG,2022-05-08 16:31:07,-2.5744,150.7967,83.25,73,97,18.05
140,Heidelberg,ZA,2022-05-08 16:31:08,-26.5048,28.3592,49.71,87,73,10.51
141,Long Beach,US,2022-05-08 16:28:00,33.767,-118.1892,65.88,80,100,10.36
142,Kalat,PK,2022-05-08 16:31:09,29.0225,66.5916,71.64,14,13,2.3
143,Kyren,RU,2022-05-08 16:31:09,51.6828,102.1408,36.72,92,100,3.87
144,Salinopolis,BR,2022-05-08 16:31:10,-0.6136,-47.3561,75.36,95,100,2.73
145,Pocone,BR,2022-05-08 16:31:10,-16.2567,-56.6228,91.9,23,6,1.83
146,Zhezkazgan,KZ,2022-05-08 16:31:11,47.8043,67.7144,58.89,26,84,17.65
147,Fortuna,US,2022-05-08 16:31:12,40.5982,-124.1573,49.66,89,100,6.91
148,Alofi,NU,2022-05-08 16:31:12,-19.0595,-169.9187,78.69,89,73,8.05
149,Mahebourg,MU,2022-05-08 16:31:13,-20.4081,57.7,75.49,83,40,5.75
150,Tiksi,RU,2022-05-08 16:31:14,71.6872,128.8694,0.19,99,51,4.21
151,Tuatapere,NZ,2022-05-08 16:31:14,-46.1333,167.6833,50.02,94,60,2.53
152,Salalah,OM,2022-05-08 16:31:15,17.0151,54.0924,84.29,79,20,9.22
153,Hermanus,ZA,2022-05-08 16:31:15,-34.4187,19.2345,59.81,78,62,4.38
154,Yellowknife,CA,2022-05-08 16:28:56,62.456,-114.3525,30.72,80,100,27.63
155,Kalengwa,ZM,2022-05-08 16:31:16,-13.4659,25.0027,68.2,58,38,2.89
156,Smiltene,LV,2022-05-08 16:31:16,57.4244,25.9016,44.98,43,1,12.86
157,Guye,CN,2022-05-08 16:31:17,39.7333,118.4167,46.89,84,100,0.27
158,Thinadhoo,MV,2022-05-08 16:31:17,0.5333,72.9333,84.51,77,78,18.19
159,Hualmay,PE,2022-05-08 16:22:15,-11.0964,-77.6139,69.73,76,48,10.58
160,Port Hedland,AU,2022-05-08 16:31:18,-20.3167,118.5667,69.85,68,82,6.91
161,Vestmannaeyjar,IS,2022-05-08 16:31:18,63.4427,-20.2734,49.19,93,100,27.63
162,Makakilo City,US,2022-05-08 16:31:19,21.3469,-158.0858,73.72,72,20,11.5
163,Mamit,IN,2022-05-08 16:31:20,23.9333,92.4833,70.27,86,93,3.87
164,Chuy,UY,2022-05-08 16:31:20,-33.6971,-53.4616,69.01,54,15,8.5
165,Bhainsdehi,IN,2022-05-08 16:31:21,21.6467,77.6325,91.63,15,19,1.23
166,Khasan,RU,2022-05-08 16:31:21,42.4308,130.6434,45.41,57,4,6.04
167,Kudahuvadhoo,MV,2022-05-08 16:31:22,2.6708,72.8944,84.45,78,54,18.07
168,Pundaguitan,PH,2022-05-08 16:31:23,6.3711,126.1689,78.26,93,100,6.51
169,Kisangani,CD,2022-05-08 16:31:24,0.5167,25.2,73.4,94,100,2.59
170,Pangkalanbuun,ID,2022-05-08 16:31:25,-2.6833,111.6167,75.22,99,100,3.56
171,Araguaina,BR,2022-05-08 16:28:02,-7.1911,-48.2072,89.31,42,100,6.44
172,Dingle,PH,2022-05-08 16:26:11,10.9995,122.6711,80.08,80,43,8.68
173,Saskylakh,RU,2022-05-08 16:31:26,71.9167,114.0833,10.29,92,81,13.42
174,Atuona,PF,2022-05-08 16:31:27,-9.8,-139.0333,78.91,72,48,16.84
175,Eenhana,NA,2022-05-08 16:31:27,-17.4667,16.3333,71.94,30,1,6.55
176,Esperance,AU,2022-05-08 16:29:05,-33.8667,121.9,55.24,42,8,11.7
177,Bongaigaon,IN,2022-05-08 16:31:28,26.4782,90.5568,80.87,62,2,3.85
178,Berlevag,NO,2022-05-08 16:23:32,70.8578,29.0864,32.0,76,94,5.3
179,Hailar,CN,2022-05-08 16:31:29,49.2,119.7,50.83,22,1,11.86
180,Pacific Grove,US,2022-05-08 16:22:00,36.6177,-121.9166,56.88,74,40,13.8
181,Dzhebariki-Khaya,RU,2022-05-08 16:31:29,62.2167,135.8,40.21,89,100,12.41
182,Acajutla,SV,2022-05-08 16:31:30,13.5928,-89.8275,86.9,64,92,7.61
183,Lindsay,US,2022-05-08 16:32:31,36.203,-119.0882,61.75,57,0,8.63
184,Magan,ES,2022-05-08 16:32:31,39.9683,-3.931,82.31,28,52,2.68
185,Kununurra,AU,2022-05-08 16:28:49,-15.7667,128.7333,73.38,38,2,6.91
186,Upernavik,GL,2022-05-08 16:32:32,72.7868,-56.1549,20.82,68,91,5.95
187,Chara,RU,2022-05-08 16:32:32,56.9064,118.2631,37.2,93,100,2.98
188,Vaitape,PF,2022-05-08 16:32:33,-16.5167,-151.75,80.67,79,12,9.48
189,San Cristobal,VE,2022-05-08 16:32:34,7.7669,-72.225,82.58,50,58,8.34
190,Tomatlan,MX,2022-05-08 16:32:34,19.9333,-105.25,88.43,43,14,6.42
191,Hofn,IS,2022-05-08 16:32:34,64.2539,-15.2082,50.02,87,100,4.61
192,Namatanai,PG,2022-05-08 16:32:35,-3.6667,152.4333,80.28,83,99,10.18
193,Broceni,LV,2022-05-08 16:32:35,56.7,22.5333,45.77,44,47,10.33
194,Nanortalik,GL,2022-05-08 16:32:36,60.1432,-45.2371,37.18,90,100,2.71
195,Riyadh,SA,2022-05-08 16:32:15,24.6877,46.7219,87.94,12,0,14.25
196,Severodvinsk,RU,2022-05-08 16:32:36,64.5635,39.8302,42.91,79,97,4.97
197,Kochinda,IN,2022-05-08 16:32:37,21.7333,84.35,82.85,57,72,17.31
198,Luderitz,NA,2022-05-08 16:32:37,-26.6481,15.1594,60.39,62,1,15.9
199,Yining,CN,2022-05-08 16:32:38,29.0361,114.5636,66.49,98,68,0.83
200,Shenjiamen,CN,2022-05-08 16:32:38,29.9576,122.298,60.48,90,8,7.54
201,Baghdad,IQ,2022-05-08 16:30:12,33.3406,44.4009,80.51,19,20,10.36
202,Nkhata Bay,MW,2022-05-08 16:32:39,-11.6066,34.2907,73.51,74,28,1.61
203,Nuevo Progreso,MX,2022-05-08 16:32:39,23.1667,-97.95,89.47,52,11,13.91
204,Kaputa,ZM,2022-05-08 16:32:40,-8.4689,29.6619,73.06,72,86,3.49
205,Karratha,AU,2022-05-08 16:32:40,-20.7377,116.8463,77.36,57,86,5.75
206,Carnarvon,AU,2022-05-08 16:32:41,-24.8667,113.6333,66.27,88,0,5.75
207,Guanica,PR,2022-05-08 16:32:18,17.9716,-66.908,90.99,72,4,15.68
208,Itarema,BR,2022-05-08 16:32:41,-2.9248,-39.9167,80.22,86,100,10.78
209,Pingliang,CN,2022-05-08 16:32:42,35.5392,106.6861,48.96,84,100,0.25
210,Wukari,NG,2022-05-08 16:32:42,7.85,9.7833,90.95,52,100,2.48
211,Tautira,PF,2022-05-08 16:32:43,-17.7333,-149.15,80.35,80,8,8.46
212,Ovsyanka,RU,2022-05-08 16:32:44,55.9575,92.5519,31.23,56,100,3.98
213,Sao Jose De Ribamar,BR,2022-05-08 16:32:44,-2.5619,-44.0542,89.98,74,97,3.22
214,Aquiraz,BR,2022-05-08 16:24:43,-3.9014,-38.3911,84.29,85,100,8.5
215,Bonavista,CA,2022-05-08 16:32:45,48.6499,-53.1147,34.93,67,3,12.82
216,San Policarpo,PH,2022-05-08 16:32:45,12.1791,125.5072,81.68,70,56,11.97
217,Longyearbyen,SJ,2022-05-08 16:32:46,78.2186,15.6401,19.24,58,40,13.8
218,Rabo De Peixe,PT,2022-05-08 16:32:46,37.8,-25.5833,65.71,72,75,8.05
219,Sanandaj,IR,2022-05-08 16:32:47,35.3144,46.9923,57.22,31,40,9.22
220,Chumikan,RU,2022-05-08 16:32:47,54.7183,135.315,29.05,97,64,0.98
221,Hirara,JP,2022-05-08 16:32:48,24.8,125.2833,77.54,85,95,4.56
222,Mongo,TD,2022-05-08 16:32:48,12.1844,18.693,102.78,15,64,5.37
223,Puri,IN,2022-05-08 16:32:49,19.8,85.85,82.92,83,86,13.67
224,Prieska,ZA,2022-05-08 16:32:49,-29.6641,22.7474,62.2,38,23,5.95
225,Bassano,CA,2022-05-08 16:32:49,50.7834,-112.4685,42.03,62,85,7.92
226,Port Elizabeth,ZA,2022-05-08 16:32:50,-33.918,25.5701,63.32,74,75,10.36
227,Mar Del Plata,AR,2022-05-08 16:30:04,-38.0023,-57.5575,72.95,64,0,19.57
228,Kodiak,US,2022-05-08 16:33:51,57.79,-152.4072,44.11,49,0,11.5
229,Torbay,CA,2022-05-08 16:30:20,47.6666,-52.7314,49.28,55,20,11.5
230,Vardo,NO,2022-05-08 16:33:51,70.3705,31.1107,33.78,69,20,10.36
231,Tual,ID,2022-05-08 16:33:52,-5.6667,132.75,84.76,77,100,10.16
232,Pietarsaari,FI,2022-05-08 16:33:52,63.65,22.6833,49.46,41,51,1.01
233,Sigulda,LV,2022-05-08 16:33:53,57.1519,24.8647,47.77,55,1,15.99
234,Uglegorskiy,RU,2022-05-08 16:33:53,48.2427,41.2531,56.86,46,43,7.61
235,Casino,AU,2022-05-08 16:33:54,-28.8667,153.05,59.77,88,100,0.0
236,Severnyy,RU,2022-05-08 16:33:54,50.677,36.5532,66.24,27,0,4.47
237,Shizunai,JP,2022-05-08 16:33:55,42.3339,142.3669,42.48,80,3,6.04
238,Labuhan,ID,2022-05-08 16:33:55,-6.8844,112.2051,80.65,83,100,5.41
239,Omboue,GA,2022-05-08 16:33:56,-1.5746,9.2618,80.04,85,67,7.74
240,Baoqing,CN,2022-05-08 16:33:56,46.3317,132.2111,43.57,48,86,7.29
241,Castro,BR,2022-05-08 16:33:56,-24.7911,-50.0119,67.42,55,17,4.99
242,Meulaboh,ID,2022-05-08 16:24:48,4.1363,96.1285,78.62,86,100,3.85
243,Kandalaksha,RU,2022-05-08 16:33:57,67.162,32.4123,37.38,68,69,5.32
244,Bengkulu,ID,2022-05-08 16:33:57,-3.8004,102.2655,78.08,82,96,3.98
245,Kloulklubed,PW,2022-05-08 16:33:58,7.0419,134.2556,75.7,85,100,18.25
246,Honiara,SB,2022-05-08 16:24:47,-9.4333,159.95,77.31,89,82,7.14
247,Senneterre,CA,2022-05-08 16:33:58,48.3835,-77.2328,61.36,24,7,6.13
248,Yangzhou,CN,2022-05-08 16:33:59,32.3972,119.4358,60.85,72,31,9.6
249,Saint-Philippe,RE,2022-05-08 16:33:59,-21.3585,55.7679,74.79,83,43,8.32
250,Vicuna,CL,2022-05-08 16:34:00,-30.0319,-70.7081,55.13,55,69,5.77
251,Bismil,TR,2022-05-08 16:34:00,37.8486,40.6658,64.13,65,55,3.4
252,Dum Duma,IN,2022-05-08 16:34:01,27.5667,95.5667,75.58,82,3,2.28
253,Banda Aceh,ID,2022-05-08 16:34:01,5.5577,95.3222,81.1,80,100,8.12
254,Padang,ID,2022-05-08 16:34:02,-0.9492,100.3543,78.85,85,99,3.67
255,Humberto De Campos,BR,2022-05-08 16:34:02,-2.5983,-43.4611,83.05,81,99,2.08
256,Ures,MX,2022-05-08 16:34:03,29.4333,-110.4,88.61,14,0,13.35
257,Quatre Cocos,MU,2022-05-08 16:34:03,-20.2078,57.7625,75.31,85,28,10.29
258,Villa Bruzual,VE,2022-05-08 16:34:04,9.3328,-69.1208,89.73,52,40,4.32
259,Sinegorye,RU,2022-05-08 16:34:04,62.0788,150.477,20.28,89,15,6.58
260,San Jeronimo,PE,2022-05-08 16:34:05,-11.9472,-75.2829,62.15,44,63,1.97
261,Uchiza,PE,2022-05-08 16:34:05,-8.4592,-76.4633,80.53,69,99,2.71
262,Morondava,MG,2022-05-08 16:34:06,-20.2833,44.2833,77.92,76,0,12.01
263,San Juan,AR,2022-05-08 16:34:06,-31.5375,-68.5364,71.74,35,99,4.68
264,Taklisah,TN,2022-05-08 16:34:07,36.7833,10.6333,68.41,72,15,18.48
265,Huesca,ES,2022-05-08 16:30:44,42.1362,-0.4087,76.1,37,20,8.05
266,Alice Springs,AU,2022-05-08 16:34:08,-23.7,133.8833,40.55,56,100,0.0
267,Warmbad,NA,2022-05-08 16:34:08,-28.45,18.7333,58.69,39,0,5.1
268,Dunedin,NZ,2022-05-08 16:34:09,-45.8742,170.5036,53.8,90,100,1.01
269,Korla,CN,2022-05-08 16:34:09,41.7597,86.1469,69.35,41,0,15.57
270,Sambava,MG,2022-05-08 16:34:10,-14.2667,50.1667,77.05,87,71,8.01
271,Vostok,RU,2022-05-08 16:34:11,46.4856,135.8833,31.57,89,92,4.43
272,Baie-Comeau,CA,2022-05-08 16:32:40,49.2168,-68.1489,49.68,46,0,11.5
273,Kavaratti,IN,2022-05-08 16:35:11,10.5669,72.642,85.12,72,99,15.84
274,Rapar,IN,2022-05-08 16:35:12,23.5667,70.6333,88.3,51,0,11.56
275,Lozna,RO,2022-05-08 16:35:13,47.3167,23.4667,71.71,75,88,4.56
276,Avera,US,2022-05-08 16:35:13,33.194,-82.5271,65.91,62,100,9.73
277,Yerbogachen,RU,2022-05-08 16:35:14,61.2767,108.0108,30.31,97,100,7.0
278,Abu Kamal,SY,2022-05-08 16:35:14,34.4506,40.9171,74.01,26,3,9.37
279,Southbridge,US,2022-05-08 16:35:16,42.0751,-72.0334,57.29,43,100,8.99
280,Caravelas,BR,2022-05-08 16:35:16,-17.7125,-39.2481,76.28,82,100,9.01
281,Port Saint Lucie,US,2022-05-08 16:35:17,27.2939,-80.3503,88.02,59,40,9.22
282,Bereda,ES,2022-05-08 16:35:17,43.2686,-7.5406,75.42,46,20,6.49
283,Diapaga,BF,2022-05-08 16:35:18,12.0708,1.7889,102.52,22,57,1.92
284,Itoman,JP,2022-05-08 16:35:19,26.1247,127.6694,77.4,96,20,10.36
285,Qinzhou,CN,2022-05-08 16:35:19,21.95,108.6167,71.47,93,94,4.21
286,Dongsheng,CN,2022-05-08 16:35:20,39.8161,109.9776,52.03,45,100,6.85
287,Langxiang,CN,2022-05-08 16:35:20,46.95,128.8833,39.27,73,0,2.8
288,Tukrah,LY,2022-05-08 16:35:21,32.5341,20.5791,65.1,72,0,8.88
289,Clyde River,CA,2022-05-08 16:35:22,70.4692,-68.5914,25.03,86,100,12.66
290,Harper,LR,2022-05-08 16:35:22,4.375,-7.7169,77.27,90,100,4.92
291,Samastipur,IN,2022-05-08 16:35:22,25.85,85.7833,89.31,41,49,7.11
292,Wagar,SD,2022-05-08 16:35:23,16.1525,36.2032,99.14,12,14,14.79
293,Daru,PG,2022-05-08 16:35:23,-9.0763,143.2092,80.65,91,94,8.05
294,Saint Anthony,US,2022-05-08 16:33:56,45.0205,-93.218,55.33,77,100,17.27
295,Boyuibe,BO,2022-05-08 16:35:24,-20.4167,-63.2833,75.27,46,80,9.86
296,Semirom,IR,2022-05-08 16:35:24,31.4167,51.5667,48.99,32,0,9.19
297,Batemans Bay,AU,2022-05-08 16:35:25,-35.7167,150.1833,53.1,88,6,3.76
298,San Antonio,US,2022-05-08 16:35:21,29.4241,-98.4936,91.06,64,40,14.97
299,Kiunga,PG,2022-05-08 16:35:26,-6.1219,141.2906,76.37,97,100,1.9
300,Zhicheng,CN,2022-05-08 16:35:26,30.2956,111.5047,69.55,84,91,6.2
301,Kasempa,ZM,2022-05-08 16:35:27,-13.4584,25.8338,68.09,59,61,2.95
302,Sur,OM,2022-05-08 16:35:27,22.5667,59.5289,89.04,46,0,3.65
303,Sitka,US,2022-05-08 16:33:50,57.0531,-135.33,46.29,66,40,6.91
304,Nantucket,US,2022-05-08 16:35:28,41.2835,-70.0995,51.94,62,75,27.63
305,Penco,CL,2022-05-08 16:35:28,-36.7333,-72.9833,54.45,94,100,11.5
306,Severomorsk,RU,2022-05-08 16:35:28,69.0689,33.4162,39.6,77,100,5.19
307,Wenling,CN,2022-05-08 16:35:29,28.3669,121.36,62.08,96,79,4.97
308,Sao Gabriel Da Cachoeira,BR,2022-05-08 16:35:29,-0.1303,-67.0892,80.4,89,40,3.44
309,Mackay,AU,2022-05-08 16:32:21,-21.15,149.2,69.67,94,100,5.75
310,Viru,PE,2022-05-08 16:35:30,-8.4167,-78.75,75.85,63,100,10.22
311,Geraldton,AU,2022-05-08 16:35:31,-28.7667,114.6,59.41,94,75,8.05
312,Flinders,AU,2022-05-08 16:35:31,-34.5833,150.8552,58.17,82,37,1.99
313,Sao Jose Da Coroa Grande,BR,2022-05-08 16:35:31,-8.8978,-35.1478,81.34,75,28,9.24
314,Rosario Do Sul,BR,2022-05-08 16:35:32,-30.2583,-54.9142,70.32,66,1,6.93
315,Coolum Beach,AU,2022-05-08 16:35:32,-26.5333,153.1,67.33,98,100,15.05
316,Alihe,CN,2022-05-08 16:35:33,50.5667,123.7167,46.27,39,25,2.84
317,Smithers,CA,2022-05-08 16:35:33,54.7804,-127.1743,41.32,60,75,3.44
318,Auki,SB,2022-05-08 16:35:34,-8.7676,160.7034,78.24,88,71,4.47
319,Chlorakas,CY,2022-05-08 16:36:34,34.8042,32.4083,68.88,60,0,8.05
320,Emerald,AU,2022-05-08 16:36:35,-23.5333,148.1667,60.94,100,75,13.8
321,Tateyama,JP,2022-05-08 16:36:35,34.9833,139.8667,61.11,73,96,10.16
322,Liman,UA,2022-05-08 16:36:35,48.9884,37.8023,54.68,43,0,2.17
323,Erdemli,TR,2022-05-08 16:36:36,36.605,34.3084,71.19,64,45,5.55
324,Nikolayevka,RU,2022-05-08 16:36:36,53.1257,47.2041,49.69,50,0,2.86
325,Santa Rosa,PH,2022-05-08 16:36:37,14.3122,121.1114,85.1,75,11,9.84
326,Guadix,ES,2022-05-08 16:36:37,37.2993,-3.1392,76.96,22,93,8.61
327,Changji,CN,2022-05-08 16:36:38,44.0167,87.3167,70.59,35,0,6.71
328,Misratah,LY,2022-05-08 16:36:38,32.3754,15.0925,64.71,76,32,15.5
329,Rio Gallegos,AR,2022-05-08 16:36:39,-51.6226,-69.2181,48.25,43,0,28.77
330,Topeka,US,2022-05-08 16:36:39,39.0483,-95.678,69.12,75,100,20.71
331,Ayagoz,KZ,2022-05-08 16:36:40,47.9714,80.4392,42.93,33,98,20.94
332,Bafoulabe,ML,2022-05-08 16:36:40,13.8065,-10.8321,107.62,16,8,0.87
333,Awallan,PH,2022-05-08 16:36:41,17.9244,121.913,76.23,92,26,3.83
334,Broome,US,2022-05-08 16:36:41,42.2506,-75.833,62.62,31,11,8.01
335,Chimbarongo,CL,2022-05-08 16:36:42,-34.7,-71.05,50.88,48,44,5.01
336,Hobyo,SO,2022-05-08 16:36:42,5.3505,48.5268,83.61,82,87,19.77
337,Samoded,RU,2022-05-08 16:36:43,63.6083,40.5111,36.7,86,100,1.54
338,Bud,US,2022-05-08 16:36:44,39.447,-86.1758,66.81,53,2,13.27
339,Saint-Augustin,CA,2022-05-08 16:36:44,51.226,-58.6502,45.14,44,72,9.1
340,Najran,SA,2022-05-08 16:36:45,17.4924,44.1277,90.25,13,4,6.98
341,Trinidad,BO,2022-05-08 16:36:06,-14.8333,-64.9,85.98,48,13,0.0
342,Buraydah,SA,2022-05-08 16:36:45,26.326,43.975,86.45,13,12,10.83
343,Veraval,IN,2022-05-08 16:36:46,20.9,70.3667,82.53,81,2,16.31
344,Half Moon Bay,US,2022-05-08 16:36:46,37.4636,-122.4286,58.44,66,0,17.27
345,Katsuura,JP,2022-05-08 16:36:47,35.1333,140.3,60.3,65,100,9.57
346,Klaksvik,FO,2022-05-08 16:36:47,62.2266,-6.589,49.12,95,100,20.98
347,Mehamn,NO,2022-05-08 16:36:48,71.0357,27.8492,31.95,69,40,6.91
348,Shirokiy,RU,2022-05-08 16:36:48,49.758,129.523,42.44,49,3,6.4
349,Isangel,VU,2022-05-08 16:36:49,-19.55,169.2667,72.82,76,25,11.39
350,Agua Verde,MX,2022-05-08 16:36:49,22.9,-106.05,78.89,72,10,7.45
351,Paita,PE,2022-05-08 16:36:50,-5.0892,-81.1144,73.2,71,94,14.23
352,Pangnirtung,CA,2022-05-08 16:36:50,66.1451,-65.7125,26.19,83,8,4.32
353,Hun,LY,2022-05-08 16:36:51,29.1268,15.9477,83.62,16,1,15.08
354,Bejar,ES,2022-05-08 16:32:06,40.3864,-5.7634,70.77,42,59,5.06
355,Jamsa,FI,2022-05-08 16:36:52,61.8642,25.19,47.14,41,73,9.31
356,Obo,CF,2022-05-08 16:36:52,5.3998,26.4869,72.61,80,84,5.3
357,Lazo,RU,2022-05-08 16:36:53,43.3817,133.9014,37.18,61,14,4.0
358,Bage,BR,2022-05-08 16:36:53,-31.3314,-54.1069,73.18,56,0,9.22
359,Haines Junction,CA,2022-05-08 16:36:54,60.7522,-137.5108,40.95,75,45,2.3
360,Cabo San Lucas,MX,2022-05-08 16:35:12,22.8909,-109.9124,92.61,30,20,5.75
361,Dzheyrakh,RU,2022-05-08 16:36:54,42.8228,44.6756,40.39,99,100,3.31
362,Asau,RO,2022-05-08 16:36:55,46.4333,26.4,65.32,75,99,0.67
363,Caconda,AO,2022-05-08 16:36:55,-13.7333,15.0667,65.01,45,12,3.22
364,Ambulu,ID,2022-05-08 16:37:56,-8.345,113.6058,77.16,92,89,2.98
365,Kieta,PG,2022-05-08 16:37:56,-6.2167,155.6333,78.64,88,71,3.53
366,Hamilton,US,2022-05-08 16:34:40,39.1834,-84.5333,66.76,52,0,16.11
367,Marawi,PH,2022-05-08 16:37:57,7.9986,124.2928,70.83,95,100,1.3
368,Deputatskiy,RU,2022-05-08 16:37:57,69.3,139.9,10.69,99,100,3.44
369,Abu Samrah,SY,2022-05-08 16:37:57,35.3029,37.1841,67.93,40,18,10.71
370,Alta Floresta,BR,2022-05-08 16:37:58,-9.8756,-56.0861,91.22,55,40,6.91
371,Vermilion,US,2022-05-08 16:37:58,40.1667,-87.7506,67.57,43,0,13.0
372,Atar,MR,2022-05-08 16:37:59,20.5169,-13.0499,106.88,9,50,8.9
373,Huanren,CN,2022-05-08 16:37:59,41.2647,125.3667,42.6,55,4,1.43
374,Imeni Poliny Osipenko,RU,2022-05-08 16:38:00,52.4201,136.4853,32.31,91,81,6.33
375,Dorogino,RU,2022-05-08 16:38:00,54.3598,83.3198,38.01,76,95,4.56
376,Catacamas,HN,2022-05-08 16:33:53,14.8,-85.9,92.43,46,85,3.2
377,Autazes,BR,2022-05-08 16:38:01,-3.5797,-59.1306,78.82,93,94,1.12
378,Porto Belo,BR,2022-05-08 16:38:01,-27.1578,-48.5531,75.15,60,3,3.53
379,Svetlyy,RU,2022-05-08 16:38:02,54.675,20.1347,51.85,61,66,15.37
380,Jumla,NP,2022-05-08 16:38:03,29.2747,82.1838,52.59,86,41,1.45
381,Port Blair,IN,2022-05-08 16:33:19,11.6667,92.75,82.44,83,75,8.05
382,Lodwar,KE,2022-05-08 16:38:04,3.1191,35.5973,92.95,33,66,12.24
383,Dwarka,IN,2022-05-08 16:38:04,22.2394,68.9678,82.56,76,0,12.3
384,Namibe,AO,2022-05-08 16:38:04,-15.1961,12.1522,77.63,65,0,12.66
385,Manggar,ID,2022-05-08 16:38:05,-2.8833,108.2667,83.08,79,100,7.52
386,Nambutalai,IN,2022-05-08 16:38:06,9.7167,79.0,89.37,66,100,8.12
387,Les Cayes,HT,2022-05-08 16:38:06,18.2,-73.75,84.58,59,47,11.7
388,Samandag,TR,2022-05-08 16:38:07,36.0842,35.9771,70.32,78,56,3.62
389,Balbalan,PH,2022-05-08 16:38:07,17.4414,121.2019,65.75,91,44,3.0
390,Necochea,AR,2022-05-08 16:38:08,-38.5473,-58.7368,73.45,50,1,20.4
391,Uglich,RU,2022-05-08 16:38:08,57.5275,38.3317,44.91,91,100,6.67
392,Cidreira,BR,2022-05-08 16:38:09,-30.1811,-50.2056,68.34,70,0,13.71
393,Prince Rupert,CA,2022-05-08 16:38:09,54.3161,-130.3201,46.49,84,75,5.75
394,San Vicente,AR,2022-05-08 16:37:01,-26.6167,-54.1333,73.96,40,1,3.04
395,Manaure,CO,2022-05-08 16:38:10,11.7751,-72.4445,87.87,61,48,8.46
396,Maceio,BR,2022-05-08 16:38:10,-9.6658,-35.7353,83.64,65,75,8.05
397,Escanaba,US,2022-05-08 16:36:40,45.7453,-87.0646,61.52,67,0,11.5
398,Lewistown,US,2022-05-08 16:38:11,40.5992,-77.5714,60.6,69,20,5.75
399,Yakeshi,CN,2022-05-08 16:38:11,49.2833,120.7333,49.06,24,5,7.47
400,Pokhara,NP,2022-05-08 16:35:18,28.2333,83.9833,68.63,74,31,6.22
401,Kinkala,CG,2022-05-08 16:38:12,-4.3614,14.7644,76.03,86,55,3.71
402,Sabzevar,IR,2022-05-08 16:38:13,36.2126,57.6819,73.44,35,50,7.94
403,Malibu,US,2022-05-08 16:38:13,34.005,-118.8101,69.24,86,71,5.01
404,Ranong,TH,2022-05-08 16:38:14,9.9658,98.6348,79.3,89,100,2.73
405,Anloga,GH,2022-05-08 16:38:14,5.7947,0.8973,84.29,75,98,14.12
406,Pampa,US,2022-05-08 16:38:15,35.5362,-100.9599,73.44,53,0,6.91
407,George,ZA,2022-05-08 16:39:15,-33.963,22.4617,54.95,88,0,6.91
408,Totoral,PE,2022-05-08 16:39:16,-17.4053,-70.365,68.25,43,9,10.49
409,Westport,US,2022-05-08 16:39:16,41.1415,-73.3579,59.45,43,75,20.71
410,Kalmunai,LK,2022-05-08 16:39:17,7.4167,81.8167,84.06,77,100,5.12
411,Mujiayingzi,CN,2022-05-08 16:39:18,42.1167,118.7833,48.04,32,0,6.76
412,Onega,RU,2022-05-08 16:39:18,63.9061,38.1404,38.46,64,60,6.17
413,Kruszwica,PL,2022-05-08 16:39:19,52.6756,18.3313,59.23,61,58,7.83
414,Chimbote,PE,2022-05-08 16:39:19,-9.0853,-78.5783,68.52,80,89,10.56
415,Rio Grande,BR,2022-05-08 16:39:19,-32.035,-52.0986,75.31,69,1,10.98
416,Hay River,CA,2022-05-08 16:39:20,60.8156,-115.7999,33.78,93,100,16.11
417,Mersing,MY,2022-05-08 16:39:21,2.4312,103.8405,80.51,89,20,3.44
418,Pochutla,MX,2022-05-08 16:39:21,15.7432,-96.4661,89.42,37,17,7.4
419,Tenancingo,MX,2022-05-08 16:39:22,19.1472,-98.1806,72.52,33,10,7.31
420,Srednekolymsk,RU,2022-05-08 16:39:22,67.45,153.6833,21.81,88,97,7.16
421,Sisimiut,GL,2022-05-08 16:39:23,66.9395,-53.6735,35.67,52,0,9.95
422,Grindavik,IS,2022-05-08 16:39:23,63.8424,-22.4338,57.15,71,75,20.71
423,Touros,BR,2022-05-08 16:39:24,-5.1989,-35.4608,83.59,71,92,13.58
424,Abha,SA,2022-05-08 16:39:24,18.2164,42.5053,71.42,68,20,6.91
425,Umuarama,BR,2022-05-08 16:35:04,-23.7664,-53.325,71.26,63,0,7.31
426,Carutapera,BR,2022-05-08 16:39:25,-1.195,-46.02,82.02,83,98,6.06
427,Balingasay,PH,2022-05-08 16:39:25,16.3573,119.8564,84.22,72,50,5.48
428,Omaruru,NA,2022-05-08 16:39:26,-21.4333,15.9333,67.8,24,0,6.98
429,Sao Lourenco Do Sul,BR,2022-05-08 16:39:26,-31.3653,-51.9783,68.97,65,0,8.7
430,Mega,ET,2022-05-08 16:39:27,4.05,38.3,61.41,83,81,7.81
431,Tosya,TR,2022-05-08 16:39:27,41.0155,34.0401,49.62,73,39,5.46
432,Krasnoarmeysk,RU,2022-05-08 16:39:28,51.0239,45.6969,50.05,50,18,6.15
433,Kintinku,TZ,2022-05-08 16:39:28,-5.8833,35.2333,76.46,38,95,7.09
434,Lompoc,US,2022-05-08 16:39:29,34.6391,-120.4579,65.57,68,0,25.32
435,Viedma,AR,2022-05-08 16:39:29,-40.8135,-62.9967,76.12,34,2,23.11
436,Hokitika,NZ,2022-05-08 16:39:30,-42.7167,170.9667,57.31,93,100,4.05
437,Bubaque,GW,2022-05-08 16:39:30,11.2833,-15.8333,77.45,70,22,10.96
438,Saint-Francois,FR,2022-05-08 16:39:31,46.4154,3.9054,74.64,35,0,10.36
439,Kushiro,JP,2022-05-08 16:39:31,42.975,144.3747,41.31,69,0,11.16
440,Isla Vista,US,2022-05-08 16:39:32,34.4133,-119.861,66.83,57,0,9.22
441,Cap Malheureux,MU,2022-05-08 16:39:32,-19.9842,57.6142,74.46,78,2,1.99
442,Mitsamiouli,KM,2022-05-08 16:39:33,-11.3847,43.2844,80.89,83,40,9.22
443,Carauari,BR,2022-05-08 16:39:33,-4.8828,-66.8958,85.05,66,94,2.57
444,Barra Da Estiva,BR,2022-05-08 16:39:34,-13.6261,-41.3269,72.25,64,85,9.13
445,Bilibino,RU,2022-05-08 16:39:34,68.0546,166.4372,23.52,96,100,5.19
446,Northampton,US,2022-05-08 16:39:35,40.8754,-75.2499,58.87,41,95,1.99
447,Opuwo,NA,2022-05-08 16:39:35,-18.0607,13.84,73.35,28,0,5.28
448,Rocha,UY,2022-05-08 16:39:36,-34.4833,-54.3333,70.84,50,7,9.89
449,Ahuimanu,US,2022-05-08 16:39:36,21.4447,-157.8378,74.91,78,75,11.5
450,Boras,SE,2022-05-08 16:39:37,57.721,12.9401,58.1,24,22,7.43
451,Salta,AR,2022-05-08 16:39:37,-24.7859,-65.4117,61.39,80,100,5.75
452,Nelson Bay,AU,2022-05-08 16:39:37,-32.7167,152.15,52.0,90,23,5.66
453,Gordeyevka,RU,2022-05-08 16:40:38,52.9569,31.9703,55.31,84,88,7.05
454,Vila,PT,2022-05-08 16:40:38,42.0304,-8.1588,73.71,44,14,5.21
455,Ninghai,CN,2022-05-08 16:40:39,29.2892,121.4247,61.32,97,79,1.1
456,Port Hardy,CA,2022-05-08 16:39:13,50.6996,-127.4199,46.58,76,75,3.44
457,Boyabat,TR,2022-05-08 16:40:39,41.4689,34.7667,49.87,82,81,2.95
458,Sangar,RU,2022-05-08 16:40:40,63.9242,127.4739,33.48,98,100,8.25
459,Ixtapa,MX,2022-05-08 16:40:15,20.7,-105.2,78.03,65,20,5.75
460,Atambua,ID,2022-05-08 16:40:41,-9.1061,124.8925,72.99,85,27,6.51
461,Strezhevoy,RU,2022-05-08 16:40:41,60.7333,77.5889,38.39,66,94,4.36
462,Tura,IN,2022-05-08 16:40:42,25.5198,90.2201,75.97,67,45,3.27
463,Havre-Saint-Pierre,CA,2022-05-08 16:40:42,50.2334,-63.5986,52.16,25,0,14.97
464,Victor Harbor,AU,2022-05-08 16:40:43,-35.5667,138.6167,50.68,79,74,7.27
465,Jacareacanga,BR,2022-05-08 16:40:43,-6.2222,-57.7528,90.25,54,17,4.38
466,Heinola,FI,2022-05-08 16:40:44,61.2056,26.0381,46.0,39,85,8.21
467,Manokwari,ID,2022-05-08 16:40:44,-0.8667,134.0833,80.62,80,91,3.69
468,Talnakh,RU,2022-05-08 16:40:45,69.4865,88.3972,3.0,98,31,2.64
469,Montevideo,UY,2022-05-08 16:40:45,-34.8335,-56.1674,71.62,60,0,11.5
470,Khandyga,RU,2022-05-08 16:40:46,62.6667,135.6,39.47,91,100,10.85
471,High Rock,BS,2022-05-08 16:40:46,26.6208,-78.2833,82.42,72,0,12.5
472,Ponta Delgada,PT,2022-05-08 16:40:47,37.7333,-25.6667,66.92,72,75,8.05
473,Lujiang,CN,2022-05-08 16:40:47,31.2581,117.2817,66.02,75,86,10.4
474,Namwala,ZM,2022-05-08 16:40:48,-15.7504,26.4384,74.95,42,63,2.77
475,Klyuchi,RU,2022-05-08 16:40:48,52.2667,79.1667,48.72,39,12,7.56
476,Huruta,ET,2022-05-08 16:40:49,8.15,39.35,68.81,35,30,14.72
477,Kastamonu,TR,2022-05-08 16:40:49,41.5,33.6667,44.71,82,53,4.45
478,Richards Bay,ZA,2022-05-08 16:40:50,-28.783,32.0377,67.62,84,99,10.42
479,Gornopravdinsk,RU,2022-05-08 16:40:50,60.05,69.9,45.1,89,56,5.64
480,Faya,SA,2022-05-08 16:40:51,18.3851,42.4509,71.71,55,3,4.38
481,Koumac,NC,2022-05-08 16:40:51,-20.5667,164.2833,71.67,73,95,4.16
482,Glendive,US,2022-05-08 16:40:52,47.1053,-104.7125,58.69,54,40,13.8
483,Severnoye,RU,2022-05-08 16:40:52,56.3491,78.3619,38.91,67,70,0.49
484,Beloha,MG,2022-05-08 16:40:53,-25.1667,45.05,72.82,79,73,3.51
485,Havoysund,NO,2022-05-08 16:40:53,70.9963,24.6622,34.03,70,100,17.22
486,Axim,GH,2022-05-08 16:40:54,4.8699,-2.2405,83.34,74,99,8.97
487,Swan Hill,AU,2022-05-08 16:40:54,-35.3378,143.5544,48.74,68,0,2.66
488,Bayana,IN,2022-05-08 16:40:55,26.9,77.2833,94.21,11,0,6.24
489,Tefe,BR,2022-05-08 16:40:55,-3.3542,-64.7114,89.71,70,40,3.44
490,Esterhazy,CA,2022-05-08 16:40:56,50.65,-102.0843,58.05,49,8,8.9
491,Houston,US,2022-05-08 16:36:31,29.7633,-95.3633,91.94,64,0,14.97
492,Odessa,UA,2022-05-08 16:38:40,46.4775,30.7326,56.07,50,8,7.31
493,Yagodnoye,RU,2022-05-08 16:40:56,62.55,149.6667,10.2,91,11,4.65
494,Lasa,IT,2022-05-08 16:40:57,46.6166,10.7002,58.69,94,100,1.99
495,Saint-Georges,GD,2022-05-08 16:37:34,12.0564,-61.7485,85.68,70,20,23.02
496,Iquique,CL,2022-05-08 16:40:57,-20.2208,-70.1431,68.04,70,3,7.99
497,Ca Mau,VN,2022-05-08 17:31:17,9.1769,105.15,81.21,82,100,8.68
498,Aitape,PG,2022-05-08 17:31:18,-3.1374,142.3475,79.3,89,88,7.56
499,Paraiso,CR,2022-05-08 17:31:19,9.8383,-83.8656,85.87,53,16,2.59
500,Comodoro Rivadavia,AR,2022-05-08 17:28:16,-45.8667,-67.5,64.26,27,20,25.32
501,Sagar,IN,2022-05-08 17:31:19,23.8333,78.7167,91.24,14,2,6.76
502,Joplin,US,2022-05-08 17:31:20,37.0842,-94.5133,79.88,60,100,10.36
503,Humaita,BR,2022-05-08 17:31:20,-7.5061,-63.0208,84.69,69,92,2.57
504,Husavik,IS,2022-05-08 17:31:21,66.0449,-17.3389,43.81,86,100,4.03
505,Jawhar,SO,2022-05-08 17:31:21,2.7809,45.5005,81.97,73,44,16.6
506,Harnosand,SE,2022-05-08 17:31:22,62.6323,17.9379,48.22,53,100,10.31
507,Celestun,MX,2022-05-08 17:31:22,20.8667,-90.4,91.6,55,0,7.34
508,Gelemso,ET,2022-05-08 17:31:23,8.8167,40.5167,68.56,41,42,7.25
509,Mikropolis,GR,2022-05-08 17:31:23,41.1935,23.8157,54.61,72,72,0.98
510,Kalaleh,IR,2022-05-08 17:31:24,37.3807,55.4916,58.6,94,100,6.91
511,Hindoria,IN,2022-05-08 17:31:24,23.9,79.5667,92.35,13,3,5.88
512,Dogondoutchi,NE,2022-05-08 17:31:25,13.6393,4.0287,100.49,19,80,4.32
513,Leningradskiy,RU,2022-05-08 17:31:25,69.3833,178.4167,20.19,96,100,3.42
514,Minas,UY,2022-05-08 17:31:26,-34.3759,-55.2377,69.66,51,14,10.2
515,Coalville,GB,2022-05-08 17:31:26,52.7167,-1.3667,62.46,51,0,6.91
516,Evans,US,2022-05-08 17:30:23,33.5337,-82.1307,70.0,54,75,11.5
517,Takoradi,GH,2022-05-08 17:31:27,4.8845,-1.7554,82.08,78,97,11.18
518,Kpalime,TG,2022-05-08 17:31:27,6.9,0.6333,80.56,79,93,5.35
519,Guatire,VE,2022-05-08 17:31:28,10.4762,-66.5427,83.7,68,56,3.0
520,La Paz,BO,2022-05-08 17:31:29,-16.5,-68.15,60.78,38,75,12.66
521,Wakkanai,JP,2022-05-08 17:31:29,45.4094,141.6739,45.12,74,100,21.83
522,Suruc,TR,2022-05-08 17:31:30,36.9761,38.425,64.36,39,31,5.28
523,Naze,JP,2022-05-08 17:31:30,28.3667,129.4833,68.92,95,100,8.05
524,Oneonta,US,2022-05-08 17:31:31,42.4529,-75.0638,59.67,33,2,12.73
525,Adrar,MR,2022-05-08 17:31:31,20.5022,-10.0711,102.24,9,70,3.6
526,Jieshi,CN,2022-05-08 17:31:32,22.8134,115.8257,76.95,86,100,10.45
527,Dicabisagan,PH,2022-05-08 17:31:32,17.0818,122.4157,79.16,85,17,3.06
528,Chimore,BO,2022-05-08 17:31:33,-16.9833,-65.1333,85.93,42,42,4.47
529,Iqaluit,CA,2022-05-08 17:31:33,63.7506,-68.5145,28.13,68,20,4.61
530,Kahului,US,2022-05-08 17:29:54,20.8947,-156.47,75.85,74,20,5.99
531,Narsaq,GL,2022-05-08 17:31:34,60.9167,-46.05,55.62,78,100,4.29
532,Koutsouras,GR,2022-05-08 17:31:34,35.0339,25.9469,63.7,79,77,10.94
533,Am Timan,TD,2022-05-08 17:31:35,11.0297,20.2827,97.0,19,19,2.48
534,Sexsmith,CA,2022-05-08 17:31:35,55.35,-118.786,33.15,86,100,21.85
535,Roma,US,2022-05-08 17:31:36,43.2128,-75.4557,67.37,25,0,7.0
536,Stryn,NO,2022-05-08 17:31:36,61.9045,6.7226,52.68,73,78,6.53
537,Leh,IN,2022-05-08 17:31:36,34.1667,77.5833,47.89,47,43,4.79
538,Tshikapa,CD,2022-05-08 17:29:17,-6.4167,20.8,76.44,77,98,1.3
539,Port Lincoln,AU,2022-05-08 17:26:38,-34.7333,135.8667,60.15,69,100,10.85
540,Jhol,PK,2022-05-08 17:31:37,25.9551,68.8882,86.9,48,0,21.77
541,Moyale,KE,2022-05-08 17:31:38,3.5167,39.0584,69.3,70,83,4.54
542,Alexandria,EG,2022-05-08 17:32:38,31.2156,29.9553,79.34,48,55,18.3
543,Ondjiva,AO,2022-05-08 17:32:39,-17.0667,15.7333,71.04,30,0,5.41
544,Arlit,NE,2022-05-08 17:32:40,18.7369,7.3853,98.6,11,100,4.85
545,Kushima,JP,2022-05-08 17:32:40,31.4583,131.2333,66.51,85,98,1.72
546,Nador,MA,2022-05-08 17:32:41,35.174,-2.9287,75.27,53,0,2.3
547,Mbaiki,CF,2022-05-08 17:32:41,3.8678,17.9892,80.38,59,90,1.05
548,Yanam,IN,2022-05-08 17:32:42,16.7333,82.2167,81.01,85,98,6.22
549,Ardahan,TR,2022-05-08 17:32:42,41.1087,42.7022,32.58,94,74,3.96
550,Poronaysk,RU,2022-05-08 17:32:43,49.2167,143.1167,30.79,94,100,4.65
551,San Patricio,US,2022-05-08 17:32:43,28.017,-97.5169,93.92,45,6,19.24
552,Aluksne,LV,2022-05-08 17:32:44,57.4167,27.05,42.35,46,84,11.65
553,Kortkeros,RU,2022-05-08 17:32:44,61.8106,51.5806,59.18,54,43,11.9
554,Palembang,ID,2022-05-08 17:30:59,-2.9167,104.7458,80.69,89,40,3.44
555,Tandil,AR,2022-05-08 17:32:45,-37.3217,-59.1332,73.69,54,16,17.36
556,Pisz,PL,2022-05-08 17:32:45,53.6274,21.8125,50.99,78,70,8.28
557,Henties Bay,NA,2022-05-08 17:32:46,-22.116,14.2845,60.46,68,0,8.48
558,Paamiut,GL,2022-05-08 17:32:46,61.994,-49.6678,33.37,86,100,16.82
559,San Ignacio,BZ,2022-05-08 17:32:47,17.1561,-89.0714,95.14,52,0,6.91
560,Luena,AO,2022-05-08 17:32:47,-11.7833,19.9167,70.75,52,89,4.65
561,Idrinskoye,RU,2022-05-08 17:32:48,54.3708,92.1358,34.25,40,93,0.51
562,Pita,GN,2022-05-08 17:32:48,10.8333,-12.5833,92.32,41,79,3.69
563,Oranjemund,NA,2022-05-08 17:32:49,-28.55,16.4333,56.57,80,26,13.69
564,Mianwali,PK,2022-05-08 17:32:49,32.5741,71.5264,93.85,11,0,5.88
565,Tezu,IN,2022-05-08 17:32:50,27.9167,96.1667,73.54,75,0,5.14
566,Waldoboro,US,2022-05-08 17:32:50,44.0954,-69.3756,61.56,41,100,8.99
567,Bouake,CI,2022-05-08 17:32:51,7.6895,-5.0218,87.91,62,40,4.61
568,Olinda,BR,2022-05-08 17:32:51,-8.0089,-34.8553,80.33,74,75,18.41
569,Charyshskoye,RU,2022-05-08 17:32:52,51.3978,83.5598,35.87,53,0,4.18
570,Hauterive,FR,2022-05-08 17:32:52,46.0901,3.4459,68.76,64,84,6.17
